NAME,URL,Job,Person,Year
Banque Franco-Tunisienne de Prêts mobiliers et Monts-de-Piété de Tunisie,https://dfih.fr/issuers/10029,Administrateur,Alphonse Leprou,1912
Banque Franco-Tunisienne de Prêts mobiliers et Monts-de-Piété de Tunisie,https://dfih.fr/issuers/10029,Administrateur,Gaston Rivière,1912
Banque Franco-Tunisienne de Prêts mobiliers et Monts-de-Piété de Tunisie,https://dfih.fr/issuers/10029,Administrateur,Gustave Homberger,1912
Banque Franco-Tunisienne de Prêts mobiliers et Monts-de-Piété de Tunisie,https://dfih.fr/issuers/10029,Administrateur,Léon Rigal,1912
Société de Tamera,https://dfih.fr/issuers/10894,Administrateur Délégué,J. Granjon,1933
Société de Tamera,https://dfih.fr/issuers/10894,Administrateur Délégué,L. Pinchart,1933
Société de Tamera,https://dfih.fr/issuers/10894,Président,Ch. Bastit,1933
Société de Tamera,https://dfih.fr/issuers/10894,Administrateur,E. Raynal,1933
Société de Tamera,https://dfih.fr/issuers/10894,Administrateur,J. Saint,1933
Société de Tamera,https://dfih.fr/issuers/10894,Administrateur,Jean Brugère,1933
Société de Tamera,https://dfih.fr/issuers/10894,Administrateur,S.-H. O'Callaghan,1933
Société de Tamera,https://dfih.fr/issuers/10894,Administrateur,S.-N. Martyn,1933
Société de Tamera,https://dfih.fr/issuers/10894,Administrateur,T.-J Callaghan,1933
Société immobilière tunisienne,https://dfih.fr/issuers/11442,Président,P. Hackenberger,1940
Société immobilière tunisienne,https://dfih.fr/issuers/11442,Administrateur,F. Flury-Hérard,1940
Société immobilière tunisienne,https://dfih.fr/issuers/11442,Administrateur,J. Lecoq,1940
Société immobilière tunisienne,https://dfih.fr/issuers/11442,Administrateur,J. Mancy,1940
Société immobilière tunisienne,https://dfih.fr/issuers/11442,Administrateur,Joseph Thuillier,1940
Société immobilière tunisienne,https://dfih.fr/issuers/11442,Administrateur,Michel Propper,1940
Société immobilière tunisienne,https://dfih.fr/issuers/11442,Administrateur,H. Hackenberger,1945
Société immobilière tunisienne,https://dfih.fr/issuers/11442,Administrateur,M. Bonfils,1945
Société immobilière tunisienne,https://dfih.fr/issuers/11442,Commissaire des comptes,Joseph Choppin Haudry de Janvry,1945
Société immobilière tunisienne,https://dfih.fr/issuers/11442,Administrateur,M. Bonflls,1948
Société immobilière tunisienne,https://dfih.fr/issuers/11442,Administrateur,Robert Flury-Hérard,1948
Société immobilière tunisienne,https://dfih.fr/issuers/11442,Président,Robert Flury-Hérard,1953
Société immobilière tunisienne,https://dfih.fr/issuers/11442,Administrateur,J. Lecoq,1953
Société immobilière tunisienne,https://dfih.fr/issuers/11442,Administrateur,Joseph Thuillier,1953
Société immobilière tunisienne,https://dfih.fr/issuers/11442,Administrateur,M. Bonfils,1953
Société immobilière tunisienne,https://dfih.fr/issuers/11442,Administrateur,P. Eclancher,1953
Société immobilière tunisienne,https://dfih.fr/issuers/11442,Administrateur,Philippe du Boys,1953
Société immobilière tunisienne,https://dfih.fr/issuers/11442,Commissaire des comptes,L. Aguesse,1953
Société immobilière tunisienne,https://dfih.fr/issuers/11442,Commissaire des comptes,R. Wilhelm,1953
Crédit Foncier de Tunisie,https://dfih.fr/issuers/1745,Administrateur Délégué,Gustave Homberger,1908
Crédit Foncier de Tunisie,https://dfih.fr/issuers/1745,Président,Jacques de Lapisse,1908
Crédit Foncier de Tunisie,https://dfih.fr/issuers/1745,Directeur,Daret Derville de Champsoin,1908
Crédit Foncier de Tunisie,https://dfih.fr/issuers/1745,Vice-Président,Alfred Bergaud,1908
Crédit Foncier de Tunisie,https://dfih.fr/issuers/1745,Censeur,de Thezillat-Chalusset,1908
Crédit Foncier de Tunisie,https://dfih.fr/issuers/1745,Censeur,Léon Labbé,1908
Crédit Foncier de Tunisie,https://dfih.fr/issuers/1745,Administrateur,Amedée Descubes,1908
Crédit Foncier de Tunisie,https://dfih.fr/issuers/1745,Administrateur,comte J. de Chabannes La Palice,1908
Crédit Foncier de Tunisie,https://dfih.fr/issuers/1745,Administrateur,Ernest Seydoux,1908
Compagnie du Gaz et des Eaux de Tunis,https://dfih.fr/issuers/2559,Administrateur,Emmanuel Gesana,1888
Compagnie du Gaz et des Eaux de Tunis,https://dfih.fr/issuers/2559,Administrateur,J. Cesana,1888
Compagnie du Gaz et des Eaux de Tunis,https://dfih.fr/issuers/2559,Président,Gabriel Germain Halphen,1893
Compagnie du Gaz et des Eaux de Tunis,https://dfih.fr/issuers/2559,Administrateur,E. Cesana,1893
Compagnie du Gaz et des Eaux de Tunis,https://dfih.fr/issuers/2559,Administrateur,J. Gesana,1893
Compagnie du Gaz et des Eaux de Tunis,https://dfih.fr/issuers/2559,Administrateur,Siegfried Propper,1903
Compagnie du Gaz et des Eaux de Tunis,https://dfih.fr/issuers/2559,Administrateur Délégué,Charles Durand,1908
Compagnie du Gaz et des Eaux de Tunis,https://dfih.fr/issuers/2559,Président,Siegfried Propper,1908
Compagnie du Gaz et des Eaux de Tunis,https://dfih.fr/issuers/2559,Administrateur,Fortin-Herrmann,1908
Compagnie du Gaz et des Eaux de Tunis,https://dfih.fr/issuers/2559,Commissaire des comptes,A. Luini,1908
Compagnie du Gaz et des Eaux de Tunis,https://dfih.fr/issuers/2559,Commissaire des comptes,Michel Propper,1908
Compagnie du Gaz et des Eaux de Tunis,https://dfih.fr/issuers/2559,Administrateur,Edouard Dupasseur,1912
Compagnie du Gaz et des Eaux de Tunis,https://dfih.fr/issuers/2559,Administrateur,Siegfried Propper,1912
Compagnie du Gaz et des Eaux de Tunis,https://dfih.fr/issuers/2559,Administrateur,J. Siegler,1917
Compagnie du Gaz et des Eaux de Tunis,https://dfih.fr/issuers/2559,Administrateur,M. Durand,1917
Compagnie du Gaz et des Eaux de Tunis,https://dfih.fr/issuers/2559,Administrateur,Siegfried Propper,1917
Compagnie du Gaz et des Eaux de Tunis,https://dfih.fr/issuers/2559,Administrateur,J. Siegler,1923
Compagnie du Gaz et des Eaux de Tunis,https://dfih.fr/issuers/2559,Administrateur,Siegfried Propper,1923
Compagnie du Gaz et des Eaux de Tunis,https://dfih.fr/issuers/2559,Administrateur,J. Siegler,1927
Compagnie du Gaz et des Eaux de Tunis,https://dfih.fr/issuers/2559,Administrateur,Robert Flury-Hérard,1927
Compagnie du Gaz et des Eaux de Tunis,https://dfih.fr/issuers/2559,Administrateur,Siegfried Propper,1927
Compagnie du Gaz et des Eaux de Tunis,https://dfih.fr/issuers/2559,Administrateur,A. Petsche,1933
Compagnie du Gaz et des Eaux de Tunis,https://dfih.fr/issuers/2559,Administrateur,G. Magnier,1933
Compagnie du Gaz et des Eaux de Tunis,https://dfih.fr/issuers/2559,Administrateur,J. Lecoq,1933
Compagnie du Gaz et des Eaux de Tunis,https://dfih.fr/issuers/2559,Administrateur,P. Hackenberger,1933
Compagnie du Gaz et des Eaux de Tunis,https://dfih.fr/issuers/2559,Administrateur,Robert Flury-Hérard,1933
Compagnie du Gaz et des Eaux de Tunis,https://dfih.fr/issuers/2559,Administrateur,Siegfried Propper,1933
Compagnie du Gaz et des Eaux de Tunis,https://dfih.fr/issuers/2559,Administrateur,H. Hackenberger,1940
Compagnie du Gaz et des Eaux de Tunis,https://dfih.fr/issuers/2559,Administrateur,J. Lecoq,1940
Compagnie du Gaz et des Eaux de Tunis,https://dfih.fr/issuers/2559,Administrateur,J. Mancy,1940
Compagnie du Gaz et des Eaux de Tunis,https://dfih.fr/issuers/2559,Administrateur,Joseph Thuillier,1940
Compagnie du Gaz et des Eaux de Tunis,https://dfih.fr/issuers/2559,Administrateur,P. Hackenberger,1940
Compagnie du Gaz et des Eaux de Tunis,https://dfih.fr/issuers/2559,Administrateur,Robert Flury-Hérard,1940
Compagnie du Gaz et des Eaux de Tunis,https://dfih.fr/issuers/2559,Administrateur Délégué,Bonfiis du Boys,1945
Compagnie du Gaz et des Eaux de Tunis,https://dfih.fr/issuers/2559,Administrateur,Lecoq,1945
Compagnie du Gaz et des Eaux de Tunis,https://dfih.fr/issuers/2559,Administrateur,P. Hackenberger,1945
Compagnie du Gaz et des Eaux de Tunis,https://dfih.fr/issuers/2559,Commissaire des comptes,G. de Pardieu,1945
Compagnie du Gaz et des Eaux de Tunis,https://dfih.fr/issuers/2559,Commissaire des comptes,R. Wilhelm,1945
Compagnie du Gaz et des Eaux de Tunis,https://dfih.fr/issuers/2559,Administrateur Délégué,M. Bonfils,1948
Compagnie du Gaz et des Eaux de Tunis,https://dfih.fr/issuers/2559,Administrateur,Eclangher,1948
Compagnie du Gaz et des Eaux de Tunis,https://dfih.fr/issuers/2559,Administrateur,M. Bonfils,1948
Compagnie du Gaz et des Eaux de Tunis,https://dfih.fr/issuers/2559,Commissaire des comptes,P. Wilhelm,1948
Compagnie du Gaz et des Eaux de Tunis,https://dfih.fr/issuers/2559,Administrateur Délégué,Philippe du Boys,1953
Compagnie du Gaz et des Eaux de Tunis,https://dfih.fr/issuers/2559,Président,Robert Flury-Hérard,1953
Compagnie du Gaz et des Eaux de Tunis,https://dfih.fr/issuers/2559,Administrateur,J. Lecoq,1953
Compagnie du Gaz et des Eaux de Tunis,https://dfih.fr/issuers/2559,Administrateur,Joseph Thuillier,1953
Compagnie du Gaz et des Eaux de Tunis,https://dfih.fr/issuers/2559,Administrateur,M. Bonflis,1953
Compagnie du Gaz et des Eaux de Tunis,https://dfih.fr/issuers/2559,Administrateur,P. Eclancher,1953
Compagnie du Gaz et des Eaux de Tunis,https://dfih.fr/issuers/2559,Commissaire des comptes,L. Aguesse,1953
Compagnie du Gaz et des Eaux de Tunis,https://dfih.fr/issuers/2559,Commissaire des comptes,R. Wilhelm,1953
Compagnie des Tramways de Tunis,https://dfih.fr/issuers/2648,Administrateur,Baldauff,1923
Compagnie des Tramways de Tunis,https://dfih.fr/issuers/2648,Administrateur,baron Alfred Ancion,1923
Compagnie des Tramways de Tunis,https://dfih.fr/issuers/2648,Administrateur,Léon Boulle,1927
Compagnie des Tramways de Tunis,https://dfih.fr/issuers/2648,Administrateur,Louis Guary,1927
Compagnie des Tramways de Tunis,https://dfih.fr/issuers/2648,Administrateur,Maurice Renaud,1927
Compagnie des Tramways de Tunis,https://dfih.fr/issuers/2648,Administrateur,Pavie,1927
Compagnie des Tramways de Tunis,https://dfih.fr/issuers/2648,Administrateur,Schelle,1927
Compagnie des Tramways de Tunis,https://dfih.fr/issuers/2648,Président,Léon Boulle,1933
Compagnie des Tramways de Tunis,https://dfih.fr/issuers/2648,Vice-Président,Louis Guary,1933
Compagnie des Tramways de Tunis,https://dfih.fr/issuers/2648,Administrateur,A. Bride,1933
Compagnie des Tramways de Tunis,https://dfih.fr/issuers/2648,Administrateur,Brugère,1933
Compagnie des Tramways de Tunis,https://dfih.fr/issuers/2648,Administrateur,G. Rosenwald,1933
Compagnie des Tramways de Tunis,https://dfih.fr/issuers/2648,Administrateur,Jean Autin,1933
Compagnie des Tramways de Tunis,https://dfih.fr/issuers/2648,Administrateur,Louis Goury du Roslan,1933
Compagnie des Tramways de Tunis,https://dfih.fr/issuers/2648,Vice-Président,G. Rosenwald,1940
Compagnie des Tramways de Tunis,https://dfih.fr/issuers/2648,Administrateur,Jean Autin,1940
Compagnie des Tramways de Tunis,https://dfih.fr/issuers/2648,Administrateur,Louis Guary,1940
Compagnie des Tramways de Tunis,https://dfih.fr/issuers/2648,Administrateur,Roger Jean Célian Goury du Roslan,1940
Compagnie des Tramways de Tunis,https://dfih.fr/issuers/2648,Commissaire des comptes,V. Pinson,1940
Compagnie des Tramways de Tunis,https://dfih.fr/issuers/2648,Président,Léon Boulle,1945
Compagnie des Tramways de Tunis,https://dfih.fr/issuers/2648,Vice-Président,Jean Autin,1945
Compagnie des Tramways de Tunis,https://dfih.fr/issuers/2648,Président,J. Autm,1948
Compagnie des Tramways de Tunis,https://dfih.fr/issuers/2648,Vice-Président,C. Toché,1948
Compagnie des Tramways de Tunis,https://dfih.fr/issuers/2648,Administrateur,A. Remaugé,1948
Compagnie des Tramways de Tunis,https://dfih.fr/issuers/2648,Administrateur,R. Ménétrier,1948
Compagnie des Tramways de Tunis,https://dfih.fr/issuers/2648,Vice-Président,A. Remaugé,1953
Compagnie des Tramways de Tunis,https://dfih.fr/issuers/2648,Président directeur général,C. Toché,1953
Compagnie des Tramways de Tunis,https://dfih.fr/issuers/2648,Administrateur,J. Ottoz,1953
Compagnie des Tramways de Tunis,https://dfih.fr/issuers/2648,Administrateur,J. Paul,1953
Compagnie des Tramways de Tunis,https://dfih.fr/issuers/2648,Administrateur,Jean Brugère,1953
Compagnie des Tramways de Tunis,https://dfih.fr/issuers/2648,Administrateur,Maurice Pesson Didion,1953
Compagnie des Tramways de Tunis,https://dfih.fr/issuers/2648,Administrateur,René Boulle,1953
Compagnie des Tramways de Tunis,https://dfih.fr/issuers/2648,Commissaire des comptes,A. Méchin,1953
Compagnie des Tramways de Tunis,https://dfih.fr/issuers/2648,Commissaire des comptes,Henry Picquet,1953
Compagnie des Tramways de Tunis,https://dfih.fr/issuers/2648,Vice Président Directeur Général,R. Ménétrier,1953
Société des Phosphates Tunisiens,https://dfih.fr/issuers/2873,Administrateur,J. Toeplitz,1912
Société des Phosphates Tunisiens,https://dfih.fr/issuers/2873,Administrateur,Louis Cahen d'Anvers,1912
Société des Phosphates Tunisiens,https://dfih.fr/issuers/2873,Administrateur,Albert Galicier,1917
Société des Phosphates Tunisiens,https://dfih.fr/issuers/2873,Administrateur,E. Bellot,1917
Société des Phosphates Tunisiens,https://dfih.fr/issuers/2873,Administrateur,J. Donegani,1917
Société des Phosphates Tunisiens,https://dfih.fr/issuers/2873,Administrateur,J. Toeplitz,1917
Société des Phosphates Tunisiens,https://dfih.fr/issuers/2873,Administrateur,Magno-Magni,1917
Société des Phosphates Tunisiens,https://dfih.fr/issuers/2873,Administrateur,B. Bellot,1923
Société des Phosphates Tunisiens,https://dfih.fr/issuers/2873,Administrateur,Gustave Dmeïani,1923
Société des Phosphates Tunisiens,https://dfih.fr/issuers/2873,Administrateur,J. Toeplitz,1923
Société des Phosphates Tunisiens,https://dfih.fr/issuers/2873,Administrateur,A Gaiicier,1927
Société des Phosphates Tunisiens,https://dfih.fr/issuers/2873,Administrateur,Ch. Michel,1927
Société des Phosphates Tunisiens,https://dfih.fr/issuers/2873,Administrateur,Charles Cahen d'Anvers,1927
Société des Phosphates Tunisiens,https://dfih.fr/issuers/2873,Administrateur,Donat Agache,1927
Société des Phosphates Tunisiens,https://dfih.fr/issuers/2873,Administrateur,Gustavo Donegani,1927
Société des Phosphates Tunisiens,https://dfih.fr/issuers/2873,Administrateur,Guy Donegani,1927
Société des Phosphates Tunisiens,https://dfih.fr/issuers/2873,Administrateur,J. Toeplitz,1927
Société des Phosphates Tunisiens,https://dfih.fr/issuers/2873,Administrateur,Jean Chevalier (place de la Nation),1927
Société des Phosphates Tunisiens,https://dfih.fr/issuers/2873,Administrateur,L. Michaux,1927
Société des Phosphates Tunisiens,https://dfih.fr/issuers/2873,Administrateur,Léon Mougeot,1927
Société des Phosphates Tunisiens,https://dfih.fr/issuers/2873,Administrateur,P. Bursaux,1927
Société des Phosphates Tunisiens,https://dfih.fr/issuers/2873,Administrateur,vicomte Le Bourdais des Touches,1927
Société des Phosphates Tunisiens,https://dfih.fr/issuers/2873,Administrateur,Y. Le Trocquer,1927
Société des Phosphates Tunisiens,https://dfih.fr/issuers/2873,Vice-Président,L. de Seynes,1933
Société des Phosphates Tunisiens,https://dfih.fr/issuers/2873,Président directeur général,Guido Donegani,1933
Société des Phosphates Tunisiens,https://dfih.fr/issuers/2873,Administrateur,de Seynes,1933
Société des Phosphates Tunisiens,https://dfih.fr/issuers/2873,Administrateur,F. David,1933
Société des Phosphates Tunisiens,https://dfih.fr/issuers/2873,Administrateur,Frédéric Manaut,1933
Société des Phosphates Tunisiens,https://dfih.fr/issuers/2873,Administrateur,J. Toeplitz,1933
Société des Phosphates Tunisiens,https://dfih.fr/issuers/2873,Administrateur,P. Burseaux,1933
Société des Phosphates Tunisiens,https://dfih.fr/issuers/2873,Administrateur,Y. Le Trocquer,1933
Société des Phosphates Tunisiens,https://dfih.fr/issuers/2873,Président,L. de Seynes,1940
Société des Phosphates Tunisiens,https://dfih.fr/issuers/2873,Vice-Président,Rodolphe d'Adler,1940
Société des Phosphates Tunisiens,https://dfih.fr/issuers/2873,Administrateur Directeur,P. Bursaux,1940
Société des Phosphates Tunisiens,https://dfih.fr/issuers/2873,Administrateur,de Chambrun,1940
Société des Phosphates Tunisiens,https://dfih.fr/issuers/2873,Administrateur,E. Mezzena,1940
Société des Phosphates Tunisiens,https://dfih.fr/issuers/2873,Administrateur,François Louis Marie Urruty,1940
Société des Phosphates Tunisiens,https://dfih.fr/issuers/2873,Administrateur,J. Maroger,1940
Société des Phosphates Tunisiens,https://dfih.fr/issuers/2873,Commissaire des comptes,Brichant,1940
Société des Phosphates Tunisiens,https://dfih.fr/issuers/2873,Commissaire des comptes,Lemarchand,1940
Société des Phosphates Tunisiens,https://dfih.fr/issuers/2873,Administrateur,Cte G.Moucada,1945
Société des Phosphates Tunisiens,https://dfih.fr/issuers/2873,Administrateur,L. Gerbella,1945
Société des Phosphates Tunisiens,https://dfih.fr/issuers/2873,Administrateur,Marcel Fraenkel,1945
Société des Phosphates Tunisiens,https://dfih.fr/issuers/2873,Commissaire des comptes,A. Marcantonio,1945
Société des Phosphates Tunisiens,https://dfih.fr/issuers/2873,Commissaire des comptes,Lemarehand,1945
Société des Phosphates Tunisiens,https://dfih.fr/issuers/2873,Administrateur,B. Bricard,1948
Société des Phosphates Tunisiens,https://dfih.fr/issuers/2873,Administrateur,Cte Ch. de Chambrun,1948
Société des Phosphates Tunisiens,https://dfih.fr/issuers/2873,Administrateur,Gabriel Arnou,1948
Société des Phosphates Tunisiens,https://dfih.fr/issuers/2873,Administrateur,R. Dautry,1948
Société des Phosphates Tunisiens,https://dfih.fr/issuers/2873,Président,J. Maroger,1953
Société des Phosphates Tunisiens,https://dfih.fr/issuers/2873,Vice-Président,Cte Ch. de Chambrun,1953
Société des Phosphates Tunisiens,https://dfih.fr/issuers/2873,Administrateur,A. Rossi,1953
Société des Phosphates Tunisiens,https://dfih.fr/issuers/2873,Administrateur,G. Malvezzi,1953
Société des Phosphates Tunisiens,https://dfih.fr/issuers/2873,Administrateur,Gustave Mercier,1953
Société des Phosphates Tunisiens,https://dfih.fr/issuers/2873,Administrateur,L. Lupo,1953
Société des Phosphates Tunisiens,https://dfih.fr/issuers/2873,Administrateur,Louis Bricard,1953
Société des Phosphates Tunisiens,https://dfih.fr/issuers/2873,Administrateur,Pierre Gillet(2),1953
Société des Phosphates Tunisiens,https://dfih.fr/issuers/2873,Administrateur,Société Finindus,1953
Société des Phosphates Tunisiens,https://dfih.fr/issuers/2873,Commissaire des comptes,Lafollye,1953
Société des Phosphates Tunisiens,https://dfih.fr/issuers/2873,Commissaire des comptes,Lemarchand,1953
Société des Phosphates Tunisiens,https://dfih.fr/issuers/2873,Commissaire des comptes,Serangell,1953
Société des Phosphates Tunisiens,https://dfih.fr/issuers/2873,Administrateur Directeur Général,J. Bursaux,1953
Omnium Immobilier Tunisien,https://dfih.fr/issuers/3766,Administrateur Délégué,Auguste Béchaux,1933
Omnium Immobilier Tunisien,https://dfih.fr/issuers/3766,Administrateur Délégué,Auguste Martin,1933
Omnium Immobilier Tunisien,https://dfih.fr/issuers/3766,Administrateur Délégué,François Jullien de Pommerol,1933
Omnium Immobilier Tunisien,https://dfih.fr/issuers/3766,Président,Aymé Martinier,1933
Omnium Immobilier Tunisien,https://dfih.fr/issuers/3766,Vice-Président,Lucien Baizeau,1933
Omnium Immobilier Tunisien,https://dfih.fr/issuers/3766,Administrateur Délégué,Auguste Martin,1940
Omnium Immobilier Tunisien,https://dfih.fr/issuers/3766,Commissaire,Jean Charmetant,1940
Omnium Immobilier Tunisien,https://dfih.fr/issuers/3766,Commissaire,R. Marcille,1940
Omnium Immobilier Tunisien,https://dfih.fr/issuers/3766,Administrateur Directeur,R. Martinier,1940
Omnium Immobilier Tunisien,https://dfih.fr/issuers/3766,Suppléant,E. Delcroix,1940
Omnium Immobilier Tunisien,https://dfih.fr/issuers/3766,Président,Aymé Martinier,1945
Omnium Immobilier Tunisien,https://dfih.fr/issuers/3766,Vice-Président,Auguste Martin,1945
Omnium Immobilier Tunisien,https://dfih.fr/issuers/3766,Vice-Président,Lucien Baizeau,1945
Omnium Immobilier Tunisien,https://dfih.fr/issuers/3766,Administrateur,François Jullien de Pommerol,1945
Omnium Immobilier Tunisien,https://dfih.fr/issuers/3766,Vice-Président,Lucien Baizeau,1948
Omnium Immobilier Tunisien,https://dfih.fr/issuers/3766,Administrateur,François Jullien de Pommerol,1948
Omnium Immobilier Tunisien,https://dfih.fr/issuers/3766,Administrateur,Philippe Lepeu,1948
Omnium Immobilier Tunisien,https://dfih.fr/issuers/3766,Président,Auguste Martin,1953
Omnium Immobilier Tunisien,https://dfih.fr/issuers/3766,Vice-Président,Lucien Baizeau,1953
Omnium Immobilier Tunisien,https://dfih.fr/issuers/3766,Administrateur,Auguste Béchaux,1953
Omnium Immobilier Tunisien,https://dfih.fr/issuers/3766,Administrateur,François Jullien de Pommerol,1953
Omnium Immobilier Tunisien,https://dfih.fr/issuers/3766,Administrateur,Maurice Henry (Tunis),1953
Omnium Immobilier Tunisien,https://dfih.fr/issuers/3766,Administrateur,Pierre Martinier,1953
Omnium Immobilier Tunisien,https://dfih.fr/issuers/3766,Commissaire des comptes,Jean Charmetant,1953
Omnium Immobilier Tunisien,https://dfih.fr/issuers/3766,Commissaire des comptes,Marcille,1953
Omnium Immobilier Tunisien,https://dfih.fr/issuers/3766,Commissaire des comptes,Ricoux,1953
Omnium Immobilier Tunisien,https://dfih.fr/issuers/3766,Directeur Adjoint,Philippe Lepeu,1953
Société des Fermes Françaises de Tunisie,https://dfih.fr/issuers/3853,Administrateur,E. Bellot,1912
Société des Fermes Françaises de Tunisie,https://dfih.fr/issuers/3853,Administrateur,Albert Mathieu,1917
Société des Fermes Françaises de Tunisie,https://dfih.fr/issuers/3853,Administrateur,J. Chandon de Briailles,1917
Société des Fermes Françaises de Tunisie,https://dfih.fr/issuers/3853,Administrateur,L. Gamet,1917
Société des Fermes Françaises de Tunisie,https://dfih.fr/issuers/3853,Administrateur,C. Carrier,1927
Société des Fermes Françaises de Tunisie,https://dfih.fr/issuers/3853,Administrateur,J. Chandon-Moët,1927
Société des Fermes Françaises de Tunisie,https://dfih.fr/issuers/3853,Administrateur,O. d'Hespel,1927
Société des Fermes Françaises de Tunisie,https://dfih.fr/issuers/3853,Président,le comte J. Chandon-Moet,1933
Société des Fermes Françaises de Tunisie,https://dfih.fr/issuers/3853,Vice-Président,O. d'Hespel,1933
Société des Fermes Françaises de Tunisie,https://dfih.fr/issuers/3853,Administrateur,A. Delarue,1933
Société des Fermes Françaises de Tunisie,https://dfih.fr/issuers/3853,Administrateur,H. Lenglin,1933
Société des Fermes Françaises de Tunisie,https://dfih.fr/issuers/3853,Administrateur,Jean Charmetant,1933
Société des Fermes Françaises de Tunisie,https://dfih.fr/issuers/3853,Administrateur,Jules Saurin,1933
Société des Fermes Françaises de Tunisie,https://dfih.fr/issuers/3853,Administrateur,L. Viallet,1933
Société des Fermes Françaises de Tunisie,https://dfih.fr/issuers/3853,Administrateur,P. Froment,1933
Société des Fermes Françaises de Tunisie,https://dfih.fr/issuers/3853,Administrateur,Paul Viellard,1933
Société des Fermes Françaises de Tunisie,https://dfih.fr/issuers/3853,Président,Jules Saurin,1940
Société des Fermes Françaises de Tunisie,https://dfih.fr/issuers/3853,Vice-Président,O. d'Hespel,1940
Société des Fermes Françaises de Tunisie,https://dfih.fr/issuers/3853,Directeur Général,Saint-Martory,1940
Société des Fermes Françaises de Tunisie,https://dfih.fr/issuers/3853,Administrateur,A. Delarue,1940
Société des Fermes Françaises de Tunisie,https://dfih.fr/issuers/3853,Administrateur,H. Saint-Martory,1940
Société des Fermes Françaises de Tunisie,https://dfih.fr/issuers/3853,Administrateur,L. Viallet,1940
Société des Fermes Françaises de Tunisie,https://dfih.fr/issuers/3853,Commissaire des comptes,Coanet,1940
Société des Fermes Françaises de Tunisie,https://dfih.fr/issuers/3853,Administrateur,Mlle Jeanne Saurin,1945
Société des Fermes Françaises de Tunisie,https://dfih.fr/issuers/3853,Administrateur,Paul Viellard,1945
Société des Fermes Françaises de Tunisie,https://dfih.fr/issuers/3853,Commissaire des comptes,MM. Coanet,1945
Société des Fermes Françaises de Tunisie,https://dfih.fr/issuers/3853,Président,H. Saint-Martory,1948
Société des Fermes Françaises de Tunisie,https://dfih.fr/issuers/3853,Administrateur,M. Mailfert,1948
Société des Fermes Françaises de Tunisie,https://dfih.fr/issuers/3853,Administrateur,Mlle Jeanne Saurin,1948
Société des Fermes Françaises de Tunisie,https://dfih.fr/issuers/3853,Commissaire des comptes,Desrousseaux,1948
Société des Fermes Françaises de Tunisie,https://dfih.fr/issuers/3853,Commissaire des comptes,L. Cattoir,1948
Société des Fermes Françaises de Tunisie,https://dfih.fr/issuers/3853,Vice-Président,L. Viallet,1953
Société des Fermes Françaises de Tunisie,https://dfih.fr/issuers/3853,Président directeur général,H. Saint-Martory,1953
Société des Fermes Françaises de Tunisie,https://dfih.fr/issuers/3853,Administrateur,comte R. Chandon-Moët,1953
Société des Fermes Françaises de Tunisie,https://dfih.fr/issuers/3853,Administrateur,Général Aumeran,1953
Société des Fermes Françaises de Tunisie,https://dfih.fr/issuers/3853,Administrateur,H. Lenglin,1953
Société des Fermes Françaises de Tunisie,https://dfih.fr/issuers/3853,Administrateur,H. Mailfert,1953
Société des Fermes Françaises de Tunisie,https://dfih.fr/issuers/3853,Administrateur,Jean Charmetant,1953
Société des Fermes Françaises de Tunisie,https://dfih.fr/issuers/3853,Commissaire des comptes,Coanet,1953
Société des Fermes Françaises de Tunisie,https://dfih.fr/issuers/3853,Suppléant,G. Rossignol,1953
Société Tunisienne de Cultures,https://dfih.fr/issuers/3867,Administrateur,Ch. Dumesnil,1927
Société Tunisienne de Cultures,https://dfih.fr/issuers/3867,Administrateur,comte J. de Chabannes La Palice,1927
Société Tunisienne de Cultures,https://dfih.fr/issuers/3867,Administrateur,F. Lacombe,1927
Société Tunisienne de Cultures,https://dfih.fr/issuers/3867,Administrateur,L. Clerc,1927
Société Tunisienne de Cultures,https://dfih.fr/issuers/3867,Administrateur,L. Proust,1927
Société Tunisienne de Cultures,https://dfih.fr/issuers/3867,Administrateur,B. Le Roy,1933
Société Tunisienne de Cultures,https://dfih.fr/issuers/3867,Administrateur,Charles de Fréville de Lorme,1933
Société Tunisienne de Cultures,https://dfih.fr/issuers/3867,Administrateur,comte J. de Durat,1933
Société Tunisienne de Cultures,https://dfih.fr/issuers/3867,Administrateur,François de Lassus Saint-Genies,1933
Société Tunisienne de Cultures,https://dfih.fr/issuers/3867,Administrateur,Jules Bernard,1933
Société Tunisienne de Cultures,https://dfih.fr/issuers/3867,Administrateur,Louis Bernard,1933
Société Tunisienne de Cultures,https://dfih.fr/issuers/3867,Administrateur,M. Belloy,1933
Société Tunisienne de Cultures,https://dfih.fr/issuers/3867,Administrateur,R. Thillaye du Boullay,1933
Société Tunisienne de Cultures,https://dfih.fr/issuers/3867,Administrateur Délégué,Louis Bernard,1940
Société Tunisienne de Cultures,https://dfih.fr/issuers/3867,Président,comte J. de Durat,1940
Société Tunisienne de Cultures,https://dfih.fr/issuers/3867,Administrateur,Charles de Fréville de Lorme,1940
Société Tunisienne de Cultures,https://dfih.fr/issuers/3867,Administrateur,E. Le Roy,1940
Société Tunisienne de Cultures,https://dfih.fr/issuers/3867,Administrateur,François de Lassus Saint-Genies,1940
Société Tunisienne de Cultures,https://dfih.fr/issuers/3867,Président,Louis Bernard,1945
Société Tunisienne de Cultures,https://dfih.fr/issuers/3867,Administrateur,Charles de Fréville de Lorme,1945
Société Tunisienne de Cultures,https://dfih.fr/issuers/3867,Administrateur,J. Delattre,1945
Société Tunisienne de Cultures,https://dfih.fr/issuers/3867,Administrateur,J. Dumoulin,1948
Société Tunisienne de Cultures,https://dfih.fr/issuers/3867,Administrateur,Jean Brugère,1948
Société Tunisienne de Cultures,https://dfih.fr/issuers/3867,Administrateur,P. Dumoulin,1948
Société Tunisienne de Cultures,https://dfih.fr/issuers/3867,Président,J. Delattre,1953
Société Tunisienne de Cultures,https://dfih.fr/issuers/3867,Administrateur,comte A. de. Lur Saluces,1953
Société Tunisienne de Cultures,https://dfih.fr/issuers/3867,Administrateur,comte P. de Chabannes,1953
Société Tunisienne de Cultures,https://dfih.fr/issuers/3867,Administrateur,Ed. Vergnot,1953
Société Tunisienne de Cultures,https://dfih.fr/issuers/3867,Administrateur,Edmond Nobécourt,1953
Société Tunisienne de Cultures,https://dfih.fr/issuers/3867,Administrateur,G. de Rham,1953
Société Tunisienne de Cultures,https://dfih.fr/issuers/3867,Administrateur,J. Bruyère,1953
Société Tunisienne de Cultures,https://dfih.fr/issuers/3867,Administrateur,J.-p. Demole,1953
Société Tunisienne de Cultures,https://dfih.fr/issuers/3867,Administrateur,M. Belloy,1953
Société Tunisienne de Cultures,https://dfih.fr/issuers/3867,Administrateur,P. Tanti,1953
Société Tunisienne de Cultures,https://dfih.fr/issuers/3867,Administrateur,Pierre Saint-Girons,1953
Société Tunisienne de Cultures,https://dfih.fr/issuers/3867,Directeur Général Adjoint,P. Dumoulin,1953
Société Tunisienne de Cultures,https://dfih.fr/issuers/3867,Commissaire des comptes,M. Guillemot,1953
Société Tunisienne de Cultures,https://dfih.fr/issuers/3867,Commissaire des comptes,P. Armand,1953
Société Anonyme du Domaine de Potinville,https://dfih.fr/issuers/3876,Administrateur Délégué,Consortium du Nord,1940
Société Anonyme du Domaine de Potinville,https://dfih.fr/issuers/3876,Président,Jean York,1940
Société Anonyme du Domaine de Potinville,https://dfih.fr/issuers/3876,Administrateur,B.-M. Moline,1940
Société Anonyme du Domaine de Potinville,https://dfih.fr/issuers/3876,Administrateur,Jacques Fastout,1940
Société Anonyme du Domaine de Potinville,https://dfih.fr/issuers/3876,Administrateur,Mme L. Fastout,1940
Société Anonyme du Domaine de Potinville,https://dfih.fr/issuers/3876,Administrateur,Charles de Fréville de Lorme,1948
Société Anonyme du Domaine de Potinville,https://dfih.fr/issuers/3876,Commissaire des comptes,J. Reiser,1948
Société Anonyme du Domaine de Potinville,https://dfih.fr/issuers/3876,Président,M. Cossé,1953
Société Anonyme du Domaine de Potinville,https://dfih.fr/issuers/3876,Administrateur,J. Comparat,1953
Société Anonyme du Domaine de Potinville,https://dfih.fr/issuers/3876,Administrateur,J. Petibon,1953
Société Anonyme du Domaine de Potinville,https://dfih.fr/issuers/3876,Administrateur,Le Ménestrel,1953
Société Anonyme du Domaine de Potinville,https://dfih.fr/issuers/3876,Administrateur,M. Belloy,1953
Société Anonyme du Domaine de Potinville,https://dfih.fr/issuers/3876,Administrateur,Ph. Deros,1953
Société Anonyme du Domaine de Potinville,https://dfih.fr/issuers/3876,Commissaire des comptes,J. Wismer,1953
Compagnie Tunisienne des Phosphates du Djebel Mdilla,https://dfih.fr/issuers/4079,Administrateur,Ch. Bouillot,1923
Compagnie Tunisienne des Phosphates du Djebel Mdilla,https://dfih.fr/issuers/4079,Administrateur,général Legrand-Girard,1923
Compagnie Tunisienne des Phosphates du Djebel Mdilla,https://dfih.fr/issuers/4079,Administrateur,Georges-Etienne Zafiropoulo,1923
Compagnie Tunisienne des Phosphates du Djebel Mdilla,https://dfih.fr/issuers/4079,Administrateur,Demetrius Zafiropoulo,1927
Compagnie Tunisienne des Phosphates du Djebel Mdilla,https://dfih.fr/issuers/4079,Administrateur,E. Michenot,1927
Compagnie Tunisienne des Phosphates du Djebel Mdilla,https://dfih.fr/issuers/4079,Administrateur,Edmond-Valéry Philippar,1927
Compagnie Tunisienne des Phosphates du Djebel Mdilla,https://dfih.fr/issuers/4079,Administrateur,Jean-Marcel-Victor Trélat,1927
Compagnie Tunisienne des Phosphates du Djebel Mdilla,https://dfih.fr/issuers/4079,Administrateur,Raoul Sautter,1927
Compagnie Tunisienne des Phosphates du Djebel Mdilla,https://dfih.fr/issuers/4079,Administrateur,W. Gittens,1927
Compagnie Tunisienne des Phosphates du Djebel Mdilla,https://dfih.fr/issuers/4079,Administrateur Délégué,E. Michenot,1933
Compagnie Tunisienne des Phosphates du Djebel Mdilla,https://dfih.fr/issuers/4079,Président,Demetrius Zafiropoulo,1933
Compagnie Tunisienne des Phosphates du Djebel Mdilla,https://dfih.fr/issuers/4079,Vice-Président,Raoul Sautter,1933
Compagnie Tunisienne des Phosphates du Djebel Mdilla,https://dfih.fr/issuers/4079,Administrateur Directeur General,W. Gittens,1933
Compagnie Tunisienne des Phosphates du Djebel Mdilla,https://dfih.fr/issuers/4079,Administrateur,C. Heuzey,1933
Compagnie Tunisienne des Phosphates du Djebel Mdilla,https://dfih.fr/issuers/4079,Administrateur,C. Vairon,1933
Compagnie Tunisienne des Phosphates du Djebel Mdilla,https://dfih.fr/issuers/4079,Administrateur,Claude-Ernest-Jean Carnot,1933
Compagnie Tunisienne des Phosphates du Djebel Mdilla,https://dfih.fr/issuers/4079,Administrateur,E. Fitoussi,1933
Compagnie Tunisienne des Phosphates du Djebel Mdilla,https://dfih.fr/issuers/4079,Administrateur,Edmond-Valéry Philippar,1933
Compagnie Tunisienne des Phosphates du Djebel Mdilla,https://dfih.fr/issuers/4079,Administrateur,Edmund Davis,1933
Compagnie Tunisienne des Phosphates du Djebel Mdilla,https://dfih.fr/issuers/4079,Administrateur,Georges-Etienne Zafiropoulo,1933
Compagnie Tunisienne des Phosphates du Djebel Mdilla,https://dfih.fr/issuers/4079,Administrateur,Jean Brugère,1933
Compagnie Tunisienne des Phosphates du Djebel Mdilla,https://dfih.fr/issuers/4079,Administrateur,P. Germain,1933
Compagnie Tunisienne des Phosphates du Djebel Mdilla,https://dfih.fr/issuers/4079,Administrateur Délégué,E. Michenot,1940
Compagnie Tunisienne des Phosphates du Djebel Mdilla,https://dfih.fr/issuers/4079,Administrateur,Jules Dumas (Vence),1940
Compagnie Tunisienne des Phosphates du Djebel Mdilla,https://dfih.fr/issuers/4079,Vice-Président,E. Michenot,1945
Compagnie Tunisienne des Phosphates du Djebel Mdilla,https://dfih.fr/issuers/4079,Administrateur Directeur General,W. Gittens,1945
Compagnie Tunisienne des Phosphates du Djebel Mdilla,https://dfih.fr/issuers/4079,Vice-Président,E. Miohenot,1948
Compagnie Tunisienne des Phosphates du Djebel Mdilla,https://dfih.fr/issuers/4079,Administrateur,P. Germain,1948
Compagnie Tunisienne des Phosphates du Djebel Mdilla,https://dfih.fr/issuers/4079,Gérant,W. Gittens,1948
Compagnie Tunisienne des Phosphates du Djebel Mdilla,https://dfih.fr/issuers/4079,Commissaire des comptes,Joseph d’Hérouville,1948
Compagnie Tunisienne des Phosphates du Djebel Mdilla,https://dfih.fr/issuers/4079,Président,Demetrius Zafiropoulo,1953
Compagnie Tunisienne des Phosphates du Djebel Mdilla,https://dfih.fr/issuers/4079,Vice-Président,E. Michenot,1953
Compagnie Tunisienne des Phosphates du Djebel Mdilla,https://dfih.fr/issuers/4079,Administrateur,A. Haumant,1953
Compagnie Tunisienne des Phosphates du Djebel Mdilla,https://dfih.fr/issuers/4079,Administrateur,Claude-Ernest-Jean Carnot,1953
Compagnie Tunisienne des Phosphates du Djebel Mdilla,https://dfih.fr/issuers/4079,Administrateur,G. Bouboulis,1953
Compagnie Tunisienne des Phosphates du Djebel Mdilla,https://dfih.fr/issuers/4079,Administrateur,Georges-Etienne Zafiropoulo,1953
Compagnie Tunisienne des Phosphates du Djebel Mdilla,https://dfih.fr/issuers/4079,Administrateur,J. Desmars,1953
Compagnie Tunisienne des Phosphates du Djebel Mdilla,https://dfih.fr/issuers/4079,Administrateur,Jean Brugère,1953
Compagnie Tunisienne des Phosphates du Djebel Mdilla,https://dfih.fr/issuers/4079,Administrateur,Louis Renaudin,1953
Compagnie Tunisienne des Phosphates du Djebel Mdilla,https://dfih.fr/issuers/4079,Commissaire des comptes,Comte,1953
Compagnie Tunisienne des Phosphates du Djebel Mdilla,https://dfih.fr/issuers/4079,Commissaire des comptes,Joseph d’Hérouville,1953
Compagnie Tunisienne des Phosphates du Djebel Mdilla,https://dfih.fr/issuers/4079,Administrateur Directeur Général,W. Gittens,1953
Eaux du Sahel,https://dfih.fr/issuers/4636,Administrateur,Buhot,1912
Eaux du Sahel,https://dfih.fr/issuers/4636,Administrateur,P. Hackenberger,1912
Eaux du Sahel,https://dfih.fr/issuers/4636,Administrateur,Barthe,1917
Eaux du Sahel,https://dfih.fr/issuers/4636,Administrateur,Albert Galicier,1917
Eaux du Sahel,https://dfih.fr/issuers/4636,Administrateur,Bubot,1917
Eaux du Sahel,https://dfih.fr/issuers/4636,Administrateur,F. Raty,1917
Eaux du Sahel,https://dfih.fr/issuers/4636,Administrateur,P. Hackenberger,1917
Eaux du Sahel,https://dfih.fr/issuers/4636,Administrateur,Mougeot,1920
